"*";"base";"ian";"s";"anian";"ians"
"default";"";"{base}";"{base}'s";"a {ian}";"{base}"
"tn_Aarhus";"奧胡斯";"奧胡斯人";"奧胡斯的";"一個奧胡斯人";"奧胡斯人"
"tn_Abauj";"奧包烏伊";"奧包烏伊人";"奧包烏伊的";"一個奧包烏伊人";"奧包烏伊人"
"tn_Abbasids";"阿巴斯";"阿巴斯人";"阿巴斯的";"一個阿巴斯人";"阿巴斯"
"tn_Aberdeen";"阿伯丁";"阿伯丁人";"阿伯丁的";"一個阿伯丁人";"阿伯丁人"
"tn_Aberdeenshire";"阿伯丁郡";"阿伯丁郡人";"阿伯丁郡的";"一個阿伯丁郡人";"阿伯丁郡人"
"tn_Achaea";"亞加亞";"亞加亞人";"亞加亞的";"一個亞加亞人";"亞加亞人"
"tn_Acre";"阿卡";"阿卡人";"阿卡的";"一個阿卡人";"阿卡人"
"tn_Adiyaman";"阿德亞曼";"阿德亞曼人";"阿德亞曼的";"一個阿德亞曼人";"阿德亞曼人"
"tn_Aden";"亞丁";"亞丁人";"亞丁的";"一個亞丁人";"亞丁人"
"tn_Adrar";"阿德拉爾";"阿德拉爾人";"阿德拉爾的";"一個阿德拉爾人";"阿德拉爾人"
"tn_Adrianople";"亞德里亞堡";"亞德里亞堡人";"亞德里亞堡的";"一個亞德里亞堡人";"亞德里亞堡人"
"tn_Adriatic_Sea";"亞得里亞海";"";"";"";""
"tn_Aegaean_Sea";"愛琴海";"";"";"";""
"tn_Agder";"阿德格爾";"阿德格爾人";"阿德格爾的";"一個阿德格爾人";"阿德格爾人"
"tn_Agnafit";"阿格納菲特";"阿格納菲特人";"阿格納菲特的";"一個阿格納菲特人";"阿格納菲特人"
"tn_Air";"埃爾";"埃爾人";"埃爾的";"一個埃爾人";"埃爾人"
"tn_Ajaccio";"阿雅克肖";"阿雅克肖人";"阿雅克肖的";"一個阿雅克肖人";"阿雅克肖人"
"tn_Al_Baretoun";"阿爾巴瑞頓";"阿爾巴瑞頓人";"阿爾巴瑞頓的";"一個阿爾巴瑞頓人";"阿爾巴瑞頓人"
"tn_Al_Duwadimi";"阿爾杜瓦迪米";"阿爾杜瓦迪米人";"阿爾杜瓦迪米的";"一個阿爾杜瓦迪米人";"阿爾杜瓦迪米人"
"tn_Al_Halab";"阿爾哈拉卜";"阿爾哈拉卜人";"阿爾哈拉卜的";"一個阿爾哈拉卜人";"阿爾哈拉卜人"
"tn_Al_Jadid";"阿爾賈迪德";"阿爾賈迪德人";"阿爾賈迪德的";"一個阿爾賈迪德人";"阿爾賈迪德人"
"tn_Al_Jazair";"阿爾及利亞";"阿爾及利亞人";"阿爾及利亞的";"一個阿爾及利亞人";"阿爾及利亞人"
"tn_Al_Khanafah";"阿卡漢納法";"阿卡漢納法人";"阿卡漢納法的";"一個阿卡漢納法人";"阿卡漢納法人"
"tn_Al_Maqhrus";"阿爾馬卡魯斯";"阿爾馬卡魯斯人";"阿爾馬卡魯斯的";"一個阿爾馬卡魯斯人";"阿爾馬卡魯斯人"
"tn_Al_Maqqah";"阿爾馬卡哈";"阿爾馬卡哈人";"阿爾馬卡哈的";"一個阿爾馬卡哈人";"阿爾馬卡哈人"
"tn_Al_Qasr";"阿喀斯爾";"阿喀斯爾人";"阿喀斯爾的";"一個阿喀斯爾人";"阿喀斯爾人"
"tn_Al_Wahran";"阿爾瓦赫蘭";"阿爾瓦赫蘭人";"阿爾瓦赫蘭的";"一個阿爾瓦赫蘭人";"阿爾瓦赫蘭人"
"tn_Alania";"阿蘭尼亞";"阿蘭人";"阿蘭尼亞的";"一個阿蘭人";"阿蘭人"
"tn_Alboran_Sea";"阿爾沃蘭海";"";"";"";""
"tn_Aleppo";"阿勒頗";"阿勒頗人";"阿勒頗的";"一個阿勒頗人";"阿勒頗人"
"tn_Alexandria";"亞歷山大";"亞歷山大人";"亞歷山大的";"一個亞歷山大人";"亞歷山大人"
"tn_Algarve";"阿爾加維";"阿爾加維人";"阿爾加維的";"一個阿爾加維人";"阿爾加維人"
"tn_Algiers";"阿爾及爾";"阿爾及爾人";"阿爾及爾的";"一個阿爾及爾人";"阿爾及爾人"
"tn_Almohads";"穆瓦希德";"穆瓦希德人";"穆瓦希德的";"一個穆瓦希德人";"穆瓦希德"
"tn_Almoravids";"阿爾摩拉維德";"阿爾摩拉維德人";"阿爾摩拉維德的";"一個阿爾摩拉維德人";"阿爾摩拉維德"
"tn_Alodia";"阿洛迪亞";"阿洛迪亞人";"阿洛迪亞的";"一個阿洛迪亞人";"阿洛迪亞人"
"tn_Alsace";"阿爾薩斯";"阿爾薩斯人";"阿爾薩斯的";"一個阿爾薩斯人";"阿爾薩斯人"
"tn_Amasya";"阿馬西亞";"阿馬西亞人";"阿馬西亞的";"一個阿馬西亞人";"阿馬西亞人"
"tn_Andalucia";"安達盧西亞";"安達盧西亞人";"安達盧西亞的";"一個安達盧西亞人";"安達盧西亞人"
"tn_Angers";"安茹";"安茹人";"安茹的";"一個安茹人";"安茹人"
"tn_Ani";"阿尼";"阿尼人";"阿尼的";"一個阿尼人";"阿尼人"
"tn_Anjou";"安茹";"安茹人";"安茹的";"一個安茹人";"安茹人"
"tn_Ankara";"安卡拉";"安卡拉人";"安卡拉的";"一個安卡拉人";"安卡拉人"
"tn_Anslo";"盎格魯";"盎格魯人";"盎格魯的";"一個盎格魯人";"盎格魯人"
"tn_Antalya";"安塔利亞";"安塔利亞人";"安塔利亞的";"一個安塔利亞人";"安塔利亞人"
"tn_Antioch";"安條克";"安條克人";"安條克的";"一個安條克人";"安條克人"
"tn_Apulia";"阿普利亞";"阿普利亞人";"阿普利亞的";"一個阿普利亞人";"阿普利亞人"
"tn_Aqaba";"亞喀巴";"亞喀巴人";"亞喀巴的";"一個亞喀巴人";"亞喀巴人"
"tn_Aquitaine";"阿基坦";"阿基坦人";"阿基坦的";"一個阿基坦人";"阿基坦人"
"tn_Aragon";"阿拉貢";"阿拉貢人";"阿拉貢的";"一個阿拉貢人";"阿拉貢人"
"tn_Arensburg";"庫雷薩雷";"庫雷薩雷人";"庫雷薩雷的";"一個庫雷薩雷人";"庫雷薩雷人"
"tn_Armagh";"阿爾馬";"阿爾馬人";"阿爾馬的";"一個阿爾馬人";"阿爾馬人"
"tn_Armenia";"亞美尼亞";"亞美尼亞人";"亞美尼亞的";"一個亞美尼亞人";"亞美尼亞人"
"tn_Arta";"阿爾塔";"阿爾塔人";"阿爾塔的";"一個阿爾塔人";"阿爾塔人"
"tn_Artuqids";"阿爾圖格";"阿爾圖格人";"阿爾圖格的";"一個阿爾圖格人";"阿爾圖格"
"tn_Ascalon";"亞實基倫";"亞實基倫人";"亞實基倫的";"一個亞實基倫人";"亞實基倫人"
"tn_Asrir";"阿瑟里";"阿瑟里人";"阿瑟里的";"一個阿瑟里人";"阿瑟里人"
"tn_Assode";"阿松德";"阿松德人";"阿松德的";"一個阿松德人";"阿松德人"
"tn_Astrakhan";"阿斯特拉罕";"阿斯特拉罕人";"阿斯特拉罕的";"一個阿斯特拉罕人";"阿斯特拉罕人"
"tn_Asturia";"阿斯圖里亞斯";"阿斯圖里亞斯人";"阿斯圖里亞斯的";"一個阿斯圖里亞斯人";"阿斯圖里亞斯人"
"tn_Athens";"雅典";"雅典人";"雅典的";"一個雅典人";"雅典人"
"tn_Attica";"阿提卡";"阿提卡人";"阿提卡的";"一個阿提卡人";"阿提卡人"
"tn_Augsburg";"奧格斯堡";"奧格斯堡人";"奧格斯堡的";"一個奧格斯堡人";"奧格斯堡人"
"tn_Austria";"奧地利";"奧地利人";"奧地利的";"一個奧地利人";"奧地利人"
"tn_Auvergne";"奧弗涅";"奧弗涅人";"奧弗涅的";"一個奧弗涅人";"奧弗涅人"
"tn_Aydhab";"阿依扎布";"阿依扎布人";"阿依扎布的";"一個阿依扎布人";"阿依扎布人"
"tn_Aydin";"艾登";"艾登人";"艾登的";"一個艾登人";"艾登人"
"tn_Ayyubids";"阿尤布";"阿尤布人";"阿尤布的";"一個阿尤布人";"阿尤布"
"tn_Bacs";"巴克斯";"巴克斯人";"巴克斯的";"一個巴克斯人";"巴克斯人"
"tn_Badajoz";"巴達霍斯";"巴達霍斯人";"巴達霍斯的";"一個巴達霍斯人";"巴達霍斯人"
"tn_Baghdad";"巴格達";"巴格達人";"巴格達的";"一個巴格達人";"巴格達人"
"tn_Balearic_Sea";"巴利阿里海";"";"";"";""
"tn_Baltic_Sea";"波羅的海";"";"";"";""
"tn_Banat";"巴納特";"巴納特人";"巴納特的";"一個巴納特人";"巴納特人"
"tn_Baranya";"巴蘭尼亞";"巴蘭尼亞人";"巴蘭尼亞的";"一個巴蘭尼亞人";"巴蘭尼亞人"
"tn_Barcelona";"巴塞羅那";"巴塞羅那人";"巴塞羅那的";"一個巴塞羅那人";"巴塞羅那人"
"tn_Bari";"巴里";"巴里人";"巴里的";"一個巴里人";"巴里人"
"tn_Basra";"巴士拉";"巴士拉人";"巴士拉的";"一個巴士拉人";"巴士拉人"
"tn_Bavaria";"巴伐利亞";"巴伐利亞人";"巴伐利亞的";"一個巴伐利亞人";"巴伐利亞人"
"tn_Bay_Of_Biscay";"比斯開灣";"";"";"";""
"tn_Bdin";"布丁";"布丁人";"布丁的";"一個布丁人";"布丁人"
"tn_Bejaia";"貝賈亞";"貝賈亞人";"貝賈亞的";"一個貝賈亞人";"貝賈亞人"
"tn_Belgorod";"別爾哥羅德";"別爾哥羅德人";"別爾哥羅德的";"一個別爾哥羅德人";"別爾哥羅德人"
"tn_Belgrade";"貝爾格萊德";"貝爾格萊德人";"貝爾格萊德的";"一個貝爾格萊德人";"貝爾格萊德人"
"tn_Benghazi";"班加西";"班加西人";"班加西的";"一個班加西人";"班加西人"
"tn_Berestia";"貝萊斯塔";"貝萊斯塔人";"貝萊斯塔的";"一個貝萊斯塔人";"貝萊斯塔人"
"tn_Berestye";"佈列斯特";"貝萊斯塔人";"佈列斯特人";"一個貝萊斯塔人";"貝萊斯塔人"
"tn_Bergen";"卑爾根";"卑爾根人";"卑爾根的";"一個卑爾根人";"卑爾根人"
"tn_Bern";"伯爾尼";"伯爾尼人";"伯爾尼的";"一個伯爾尼人";"伯爾尼人"
"tn_Bessarabia";"比薩拉比亞";"比薩拉比亞人";"比薩拉比亞的";"一個比薩拉比亞人";"比薩拉比亞人"
"tn_Bilma";"比爾馬";"比爾馬人";"比爾馬的";"一個比爾馬人";"比爾馬人"
"tn_Bohemia";"波希米亞";"波希米亞人";"波希米亞的";"一個波希米亞人";"波希米亞人"
"tn_Bolghar";"保加爾";"保加爾人";"保加爾的";"一個保加爾人";"保加爾人"
"tn_Bologna";"博洛尼亞";"博洛尼亞人";"博洛尼亞的";"一個博洛尼亞人";"博洛尼亞人"
"tn_Bordeaux";"波爾多";"波爾多人";"波爾多的";"一個波爾多人";"波爾多人"
"tn_Bosnia";"波士尼亞";"波士尼亞人";"波士尼亞的";"一個波士尼亞人";"波士尼亞人"
"tn_Botnia";"波特尼亞";"波特尼亞人";"波特尼亞的";"一個波特尼亞人";"波特尼亞人"
"tn_Botnic_And_Finnish_Gulf";"波提尼與芬蘭灣";"";"";"";""
"tn_Brandenburg";"勃蘭登堡";"勃蘭登堡人";"勃蘭登堡的";"一個勃蘭登堡人";"勃蘭登堡人"
"tn_Branichevo";"布蘭尼切沃";"布蘭尼切沃人";"布蘭尼切沃的";"一個布蘭尼切沃人";"布蘭尼切沃人"
"tn_Bratslav";"布拉茨拉夫";"布拉茨拉夫人";"布拉茨拉夫的";"一個布拉茨拉夫人";"布拉茨拉夫人"
"tn_Bremen";"不來梅";"不來梅人";"不來梅的";"一個不來梅人";"不來梅人"
"tn_Brittany";"布列塔尼";"布列塔尼人";"布列塔尼的";"一個布列塔尼人";"布列塔尼人"
"tn_Brno";"布爾諾";"布爾諾人";"布爾諾的";"一個布爾諾人";"布爾諾人"
"tn_Bruges";"布魯日";"布魯日人";"布魯日的";"一個布魯日人";"布魯日人"
"tn_Brussels";"布魯塞爾";"布魯塞爾人";"布魯塞爾的";"一個布魯塞爾人";"布魯塞爾人"
"tn_Buda";"布達";"布達人";"布達的";"一個布達人";"布達人"
"tn_Bulgaria";"保加利亞";"保加利亞人";"保加利亞的";"一個保加利亞人";"保加利亞人"
"tn_BulgarianEmpire";"保加利亞";"保加利亞人";"保加利亞的";"一個保加利亞人";"保加利亞人"
"tn_Burgos";"布爾戈斯";"布爾戈斯人";"布爾戈斯的";"一個布爾戈斯人";"布爾戈斯人"
"tn_Burgundy";"勃艮第";"勃艮第人";"勃艮第的";"一個勃艮第人";"勃艮第人"
"tn_Bursa";"布爾薩";"布爾薩人";"布爾薩的";"一個布爾薩人";"布爾薩人"
"tn_Bushehr";"布什爾";"布什爾人";"布什爾的";"一個布什爾人";"布什爾人"
"tn_ByzantineEmpire";"拜占庭";"拜占庭人";"拜占庭的";"一個拜占庭人";"拜占庭人"
"tn_Byzantium";"拜占庭";"拜占庭人";"拜占庭的";"一個拜占庭人";"拜占庭人"
"tn_Caernarfon";"卡納芬";"卡納芬人";"卡納芬的";"一個卡納芬人";"卡納芬人"
"tn_Cagliari";"卡利亞里";"卡利亞里人";"卡利亞里的";"一個卡利亞里人";"卡利亞里人"
"tn_Cairo";"開羅";"開羅人";"開羅的";"一個開羅人";"開羅人"
"tn_Calabria";"卡拉布里亞";"卡拉布里亞人";"卡拉布里亞的";"一個卡拉布里亞人";"卡拉布里亞人"
"tn_Calais";"加萊";"加萊人";"加萊的";"一個加萊人";"加萊人"
"tn_Campania";"坎帕尼亞";"坎帕尼亞人";"坎帕尼亞的";"一個坎帕尼亞人";"坎帕尼亞人"
"tn_Candar";"詹達爾";"詹達爾人";"詹達爾的";"一個詹達爾人";"詹達爾人"
"tn_Candia";"乾地亞";"乾地亞人";"乾地亞的";"一個乾地亞人";"乾地亞人"
"tn_Canterbury";"坎特伯雷";"坎特伯雷人";"坎特伯雷的";"一個坎特伯雷人";"坎特伯雷人"
"tn_Cappadocia";"卡帕多西亞";"卡帕多西亞人";"卡帕多西亞的";"一個卡帕多西亞人";"卡帕多西亞人"
"tn_Cardiff";"卡迪夫";"卡迪夫人";"卡迪夫的";"一個卡迪夫人";"卡迪夫人"
"tn_Carinthia";"卡林西亞";"卡林西亞人";"卡林西亞的";"一個卡林西亞人";"卡林西亞人"
"tn_Castile";"卡斯蒂利亞";"卡斯蒂利亞人";"卡斯蒂利亞的";"一個卡斯蒂利亞人";"卡斯蒂利亞人"
"tn_Catalonia";"加泰隆尼亞";"加泰隆尼亞文化";"加泰隆尼亞的";"一個加泰隆尼亞人";"加泰隆尼亞人"
"tn_Central_Mediterranean";"地中海";"";"";"";""
"tn_Cetatea_Alba";"塞塔提阿爾巴";"阿爾巴人";"塞塔提阿爾巴的";"一個阿爾巴人";"阿爾巴人"
"tn_Chaldia";"查爾迪亞";"查爾迪亞人";"查爾迪亞的";"一個查爾迪亞人";"查爾迪亞人"
"tn_Champagne";"香檳";"香檳人";"香檳的";"一個香檳人";"香檳人"
"tn_Cherkasy";"切爾卡瑟";"切爾卡瑟人";"切爾卡瑟的";"一個切爾卡瑟人";"切爾卡瑟人"
"tn_Chernigov";"切爾尼戈夫";"切爾尼戈夫人";"切爾尼戈夫的";"一個切爾尼戈夫人";"切爾尼戈夫人"
"tn_Cherson";"赫爾松";"赫爾松人";"赫爾松的";"一個赫爾松人";"赫爾松人"
"tn_Chinguetti";"欣蓋提";"欣蓋提人";"欣蓋提的";"一個欣蓋提人";"欣蓋提人"
"tn_Cilicia";"奇里乞亞";"奇里乞亞人";"奇里乞亞的";"一個奇里乞亞人";"奇里乞亞人"
"tn_Cilician_Armenia";"奇里乞亞亞美尼亞";"奇里乞亞人";"奇里乞亞亞美尼亞的";"一個奇里乞亞人";"奇里乞亞人"
"tn_Cirta";"錫爾塔";"錫爾塔人";"錫爾塔的";"一個錫爾塔人";"錫爾塔人"
"tn_Clermont";"克萊蒙";"克萊蒙人";"克萊蒙的";"一個克萊蒙人";"克萊蒙人"
"tn_Cluj";"克魯日";"克魯日人";"克魯日的";"一個克魯日人";"克魯日人"
"tn_Cologne";"科隆";"科隆人";"科隆的";"一個科隆人";"科隆人"
"tn_Compostella";"孔波斯特拉";"孔波斯特拉人";"孔波斯特拉的";"一個孔波斯特拉人";"孔波斯特拉人"
"tn_Connaught";"康諾特";"康諾特人";"康諾特的";"一個康諾特人";"康諾特人"
"tn_Constantinople";"君士坦丁堡";"君士坦丁堡人";"君士坦丁堡的";"一個君士坦丁堡人";"君士坦丁堡人"
"tn_Constantinopolis";"君士坦丁波利斯";"君士坦丁波利斯人";"君士坦丁波利斯的";"一個君士坦丁波利斯人";"君士坦丁波利斯人"
"tn_Cordoba";"科爾多瓦";"科爾瓦多人";"科爾多瓦的";"一個科爾瓦多人";"科爾瓦多人"
"tn_Cork";"科克";"科克人";"科克的";"一個科克人";"科克人"
"tn_Cornwall";"康沃爾";"康沃爾人";"康沃爾的";"一個康沃爾人";"康沃爾人"
"tn_Corsica";"科西嘉";"科西嘉人";"科西嘉的";"一個科西嘉人";"科西嘉人"
"tn_Crete";"克里特島";"克里特島人";"克里特島的";"一個克里特島人";"克里特島人"
"tn_Crimea";"克里米亞";"克里米亞人";"克里米亞的";"一個克里米亞人";"克里米亞人"
"tn_Croatia";"克羅埃西亞";"克羅埃西亞人";"克羅埃西亞的";"一個克羅埃西亞人";"克羅埃西亞人"
"tn_Cumania";"庫曼";"庫曼人";"庫曼的";"一個庫曼人";"庫曼人"
"tn_Cyprus";"塞浦路斯";"塞浦路斯人";"塞浦路斯的";"一個塞浦路斯人";"塞浦路斯人"
"tn_Cyrenaica";"昔蘭尼加";"昔蘭尼加人";"昔蘭尼加的";"一個昔蘭尼加人";"昔蘭尼加人"
"tn_Dagestan";"達吉斯坦";"達吉斯坦人";"達吉斯坦的";"一個達吉斯坦人";"達吉斯坦人"
"tn_Daju";"達朱";"達朱人";"達朱的";"一個達朱人";"達朱人"
"tn_Dakhla";"達克拉";"達克拉人";"達克拉的";"一個達克拉人";"達克拉人"
"tn_Dalmatia";"達爾馬提亞";"達爾馬提亞人";"達爾馬提亞的";"一個達爾馬提亞人";"達爾馬提亞人"
"tn_Damascus";"大馬士革";"大馬士革人";"大馬士革的";"一個大馬士革人";"大馬士革人"
"tn_Damietta";"達米埃塔";"達米埃塔人";"達米埃塔的";"一個達米埃塔人";"達米埃塔人"
"tn_Danishmends";"達尼什曼德";"達尼什曼德人";"達尼什曼德的";"一個達尼什曼德人";"達尼什曼德"
"tn_Darfur";"達爾富爾";"達爾富爾人";"達爾富爾的";"一個達爾富爾人";"達爾富爾人"
"tn_Debrecen";"德布勒森";"德布勒森人";"德布勒森的";"一個德布勒森人";"德布勒森人"
"tn_Denmark";"丹麥";"丹麥人";"丹麥的";"一個丹麥人";"丹麥人"
"tn_Derbent";"傑爾賓特";"傑爾賓特人";"傑爾賓特的";"一個傑爾賓特人";"傑爾賓特人"
"tn_Devon";"德文";"德文人";"德文的";"一個德文人";"德文人"
"tn_Dijon";"第戎";"第戎人";"第戎的";"一個第戎人";"第戎人"
"tn_Dogger_Bank";"多格爾沙洲";"";"";"";""
"tn_Dongola";"棟古拉";"棟古拉人";"棟古拉的";"一個棟古拉人";"棟古拉人"
"tn_Dorpatt";"多爾帕特";"多爾帕特人";"多爾帕特的";"一個多爾帕特人";"多爾帕特人"
"tn_Draa";"達拉";"達拉人";"達拉的";"一個達拉人";"達拉人"
"tn_Dublin";"都柏林";"都柏林人";"都柏林的";"一個都柏林人";"都柏林人"
"tn_Dubrovnik";"杜布羅夫尼克";"杜布羅夫尼克人";"杜布羅夫尼克的";"一個杜布羅夫尼克人";"杜布羅夫尼克人"
"tn_Dulkadir";"杜爾卡迪爾";"杜爾卡迪爾人";"杜爾卡迪爾的";"一個杜爾卡迪爾人";"杜爾卡迪爾人"
"tn_Dumyat";"杜姆亞特";"杜姆亞特人";"杜姆亞特的";"一個杜姆亞特人";"杜姆亞特人"
"tn_Durres";"都拉斯";"都拉斯人";"都拉斯的";"一個都拉斯人";"都拉斯人"
"tn_Duwadimi";"杜瓦迪米";"杜瓦迪米人";"杜瓦迪米的";"一個杜瓦迪米人";"杜瓦迪米人"
"tn_Dyrrachion";"都拉奇翁";"都拉奇翁人";"都拉奇翁的";"一個都拉奇翁人";"都拉奇翁人"
"tn_East_Flanders";"東佛蘭德斯";"東佛蘭德人";"東佛蘭德斯的";"一個東佛蘭德人";"東佛蘭德人"
"tn_Eastern_Black_Sea";"黑海東岸";"";"";"";""
"tn_Edessa";"埃德薩";"埃德薩人";"埃德薩的";"一個埃德薩人";"埃德薩人"
"tn_Edinborough";"埃丁伯路";"埃丁伯路人";"埃丁伯路的";"一個埃丁伯路人";"埃丁伯路人"
"tn_Eesti";"愛沙尼亞";"愛沙尼亞人";"愛沙尼亞的";"一個愛沙尼亞人";"愛沙尼亞人"
"tn_El_Atrun";"埃爾奧特倫";"埃爾奧特倫人";"埃爾奧特倫的";"一個埃爾奧特倫人";"埃爾奧特倫人"
"tn_Emilia";"艾米利亞";"艾米利亞人";"艾米利亞的";"一個艾米利亞人";"艾米利亞人"
"tn_England";"英格蘭";"英格蘭人";"英格蘭的";"一個英格蘭人";"英格蘭人"
"tn_Epirus";"伊庇魯斯";"伊庇魯斯人";"伊庇魯斯的";"一個伊庇魯斯人";"伊庇魯斯人"
"tn_Eretna";"雷特納";"雷特納人";"雷特納的";"一個雷特納人";"雷特納人"
"tn_Erfurt";"埃爾福特";"埃爾福特人";"埃爾福特的";"一個埃爾福特人";"埃爾福特人"
"tn_Erzurum";"埃爾祖魯姆";"埃爾祖魯姆人";"埃爾祖魯姆的";"一個埃爾祖魯姆人";"埃爾祖魯姆人"
"tn_Essex";"埃塞克斯";"埃塞克斯人";"埃塞克斯的";"一個埃塞克斯人";"埃塞克斯人"
"tn_Estland";"愛沙尼亞";"愛沙尼亞人";"愛沙尼亞的";"一個愛沙尼亞人";"愛沙尼亞人"
"tn_Estremadura";"埃斯特雷馬杜拉";"埃斯特雷馬杜拉人";"埃斯特雷馬杜拉的";"一個埃斯特雷馬杜拉人";"埃斯特雷馬杜拉人"
"tn_Exeter";"埃克賽特";"埃克賽特人";"埃克賽特的";"一個埃克賽特人";"埃克賽特人"
"tn_Extremadura";"埃斯特馬杜拉";"埃斯特馬杜拉人";"埃斯特雷馬杜拉的";"一個埃斯特馬杜拉人";"埃斯特馬杜拉人"
"tn_Eztergom";"埃斯泰爾戈姆";"埃斯泰爾戈姆人";"埃斯泰爾戈姆的";"一個埃斯泰爾戈姆人";"埃斯泰爾戈姆人"
"tn_Falun";"法倫";"法倫人";"法倫的";"一個法倫人";"法倫人"
"tn_Faras";"法拉斯";"法拉斯人";"法拉斯的";"一個法拉斯人";"法拉斯人"
"tn_Faro";"法羅";"法羅人";"法羅的";"一個法羅人";"法羅人"
"tn_Farose_Reach";"法羅之境";"";"";"";""
"tn_Fatimids";"法蒂瑪";"法蒂瑪人";"法蒂瑪的";"一個法蒂瑪人";"法蒂瑪人"
"tn_Fez";"菲斯";"菲斯人";"菲斯的";"一個菲斯人";"菲斯人"
"tn_Fezzan";"費贊";"費贊人";"費讚的";"一個費贊人";"費贊人"
"tn_Finland";"芬蘭";"芬蘭人";"芬蘭的";"一個芬蘭人";"芬蘭人"
"tn_Finns";"芬蘭人";"芬蘭人";"芬蘭的";"一個芬蘭人";"芬蘭人"
"tn_Flanders";"佛蘭德斯";"佛蘭德人";"佛蘭德斯的";"一個佛蘭德人";"佛蘭德人"
"tn_Florence";"佛羅倫薩";"佛羅倫薩人";"佛羅倫薩的";"一個佛羅倫薩人";"佛羅倫薩人"
"tn_France";"法蘭西";"法蘭西人";"法蘭西的";"一個法蘭西人";"法蘭西人"
"tn_Franconia";"法蘭克尼亞";"法蘭克尼亞人";"法蘭克尼亞人的";"一個法蘭克尼亞人";"法蘭克尼亞人"
"tn_Friesland";"弗里斯蘭";"弗里斯蘭人";"弗里斯蘭的";"弗里斯蘭人";"弗里斯蘭人"
"tn_Galicia";"加利西亞";"加利西亞人";"加利西亞的";"一個加利西亞人";"加利西亞人"
"tn_Galitch";"加利奇";"加利奇人";"加利奇的";"一個加利奇人";"加利奇人"
"tn_Galitch_Mer";"加利奇-梅爾";"加利奇人";"加利奇-梅爾的";"一個加利奇人";"加利奇人"
"tn_Galway";"高威";"高威人";"高威的";"一個高威人";"高威人"
"tn_Gdansk";"格但斯克";"格但斯克人";"格但斯克的";"一個格但斯克人";"格但斯克人"
"tn_Genoa";"熱那亞";"熱那亞人";"熱那亞的";"一個熱那亞人";"熱那亞人"
"tn_Georgia";"格魯吉亞";"格魯吉亞人";"格魯吉亞的";"一個格魯吉亞人";"格魯吉亞人"
"tn_Germany";"德意志";"德意志人";"德意志的";"一個德意志人";"德意志人"
"tn_Germiyan";"格爾米揚";"格爾米揚人";"格爾米揚的";"一個格爾米揚人";"格爾米揚人"
"tn_Ghadames";"加達米斯";"加達米斯人";"加達米斯的";"一個加達米斯人";"加達米斯人"
"tn_Ghat";"加特";"加特人";"加特的";"一個加特人";"加特人"
"tn_Ghent";"根特";"根特人";"根特的";"一個根特人";"根特人"
"tn_Gilan";"吉蘭";"吉蘭人";"吉蘭的";"一個吉蘭人";"吉蘭人"
"tn_Glamorgan";"格拉摩根";"格拉摩根人";"格拉摩根的";"一個格拉摩根人";"格拉摩根人"
"tn_Golden_Horde";"金帳汗國";"金帳汗國";"金帳汗國的";"金帳汗國";"金帳汗國"
"tn_Gothenburg";"哥德堡";"哥德堡人";"哥德堡的";"一個哥德堡人";"哥德堡人"
"tn_Gotland";"哥特蘭";"哥特蘭人";"哥特蘭的";"一個哥特蘭人";"哥特蘭人"
"tn_Granada";"格拉納達";"格拉納達人";"格拉納達的";"一個格拉納達人";"格拉納達人"
"tn_Great_Perm";"大彼爾姆";"大彼爾姆人";"大彼爾姆的";"一個大彼爾姆人";"大彼爾姆人"
"tn_Grodno";"格羅德諾";"格羅德諾人";"格羅德諾的";"一個格羅德諾人";"格羅德諾人"
"tn_Gulf_Of_Hormuz";"霍爾木茲灣";"";"";"";""
"tn_Gulf_Of_Liguria";"利古里亞灣";"";"";"";""
"tn_Gwynedd";"格溫內思";"格溫內思人";"格溫內思的";"一個格溫內思人";"格溫內思人"
"tn_Haapsalu";"哈普薩盧";"哈普薩盧人";"哈普薩盧的";"一個哈普薩盧人";"哈普薩盧人"
"tn_Hafsids";"哈夫斯";"哈夫斯人";"哈夫斯的";"一個哈夫斯人";"哈夫斯人"
"tn_Hajdusag";"豪伊杜";"豪伊杜人";"豪伊杜的";"一個豪伊杜人";"豪伊杜人"
"tn_Hajrah";"哈季拉";"哈季拉人";"哈季拉的";"一個哈季拉人";"哈季拉人"
"tn_Halland";"哈蘭";"哈蘭人";"哈蘭的";"一個哈蘭人";"哈蘭人"
"tn_Halych";"哈利奇";"哈利奇人";"哈利奇的";"一個哈利奇人";"哈利奇人"
"tn_Halych_Volhynia";"加利奇-沃里尼亞";"加利奇-沃里尼亞人";"加利奇-沃里尼亞的";"一個加利奇-沃里尼亞人";"加利奇-沃里尼亞人"
"tn_Halychyna";"哈利奇納";"哈利奇納人";"哈利奇納的";"一個哈利奇納人";"哈利奇納人"
"tn_Hamburg";"漢堡";"漢堡人";"漢堡的";"一個漢堡人";"漢堡人"
"tn_Hampshire";"漢普郡";"漢普郡人";"漢普郡的";"一個漢普郡人";"漢普郡人"
"tn_Hanover";"漢諾威";"漢諾威人";"漢諾威的";"一個漢諾威人";"漢諾威人"
"tn_Hayastan";"哈亞斯坦";"哈亞斯坦人";"哈亞斯坦的";"一個哈亞斯坦人";"哈亞斯坦人"
"tn_Helsinki";"赫爾辛基";"赫爾辛基人";"赫爾辛基的";"一個赫爾辛基人";"赫爾辛基人"
"tn_Hoggar";"霍加爾";"霍加爾人";"霍加爾的";"一個霍加爾人";"霍加爾人"
"tn_Holland";"荷蘭";"荷蘭人";"荷蘭的";"一個荷蘭人";"荷蘭人"
"tn_Homs";"胡姆斯";"胡姆斯人";"胡姆斯的";"一個胡姆斯人";"胡姆斯人"
"tn_Hordaland";"霍達蘭";"霍達蘭人";"霍達蘭的";"一個霍達蘭人";"霍達蘭人"
"tn_Hormuz";"霍爾木茲";"霍爾木茲人";"霍爾木茲的";"一個霍爾木茲人";"霍爾木茲人"
"tn_Hungary";"匈牙利";"匈牙利人";"匈牙利的";"一個匈牙利人";"匈牙利人"
"tn_Ile_de_France";"法蘭西島";"法蘭西人";"法蘭西島的";"一個法蘭西人";"法蘭西人"
"tn_Imereti";"伊梅列季";"伊梅列季人";"伊梅列季的";"一個伊梅列季人";"伊梅列季人"
"tn_Indian_Ocean";"印度洋";"";"";"";""
"tn_Innsbruck";"茵斯布魯克";"茵斯布魯克人";"茵斯布魯克的";"一個茵斯布魯克人";"茵斯布魯克人"
"tn_Inverness";"因弗內斯";"因弗內斯人";"因弗內斯的";"一個因弗內斯人";"因弗內斯人"
"tn_Ionian_Sea";"愛奧尼亞海";"";"";"";""
"tn_Iraklion";"伊拉克利翁";"伊拉克利翁人";"伊拉克利翁的";"一個伊拉克利翁人";"伊拉克利翁人"
"tn_Ireland";"愛爾蘭";"愛爾蘭人";"愛爾蘭的";"一個愛爾蘭人";"愛爾蘭人"
"tn_Irish_Sea";"愛爾蘭海";"";"";"";""
"tn_Ispahan";"伊斯法罕";"伊斯法罕人";"伊斯法罕的";"一個伊斯法罕人";"伊斯法罕人"
"tn_Italy";"意大利";"意大利人";"意大利的";"一個意大利人";"意大利人"
"tn_Izmir";"伊茲密爾";"伊茲密爾人";"伊茲密爾的";"一個伊茲密爾人";"伊茲密爾人"
"tn_Izyum";"伊久姆";"伊久姆人";"伊久姆的";"一個伊久姆人";"伊久姆人"
"tn_Jalayirids";"札剌亦兒";"札剌亦兒人";"札剌亦兒的";"一個札剌亦兒人";"札剌亦兒人"
"tn_Jeddah";"吉達";"吉達人";"吉達的";"一個吉達人";"吉達人"
"tn_Jerusalem";"耶路撒冷";"耶路撒冷人";"耶路撒冷的";"一個耶路撒冷人";"耶路撒冷人"
"tn_Jutland";"日德蘭半島";"日德蘭半島人";"日德蘭半島的";"一個日德蘭半島人";"日德蘭半島人"
"tn_Kabylia";"卡比利亞";"卡比利亞人";"卡比利亞的";"一個卡比利亞人";"卡比利亞人"
"tn_Kakuyids";"卡庫伊德";"卡庫伊德人";"卡庫伊德的";"一個卡庫伊德人";"卡庫伊德人"
"tn_Kalmar";"卡爾馬";"卡爾馬人";"卡爾馬的";"一個卡爾馬人";"卡爾馬人"
"tn_KalmarUnion";"卡爾馬";"卡爾馬人";"卡爾馬的";"一個卡爾馬人";"卡爾馬人"
"tn_Kamianets";"卡緬涅茨";"卡緬涅茨人";"卡緬涅茨的";"一個卡緬涅茨人";"卡緬涅茨人"
"tn_Kanem";"加涅姆";"加涅姆人";"加涅姆的";"一個加涅姆人";"加涅姆人"
"tn_Kaouar";"卡瓦爾";"卡瓦爾人";"卡瓦爾的";"一個卡瓦爾人";"卡瓦爾人"
"tn_Karaman";"卡拉曼";"卡拉曼人";"卡拉曼的";"一個卡拉曼人";"卡拉曼人"
"tn_Karelia";"卡累利阿";"卡累利阿人";"卡累利阿的";"一個卡累利阿人";"卡累利阿人"
"tn_Karvuna";"卡瓦爾納";"卡瓦爾納人";"卡瓦爾納的";"一個卡瓦爾納人";"卡瓦爾納人"
"tn_Kashubia";"卡舒布";"卡舒布人";"卡舒布的";"一個卡舒布人";"卡舒布人"
"tn_Kassa";"卡薩";"卡薩人";"卡薩的";"一個卡薩人";"卡薩人"
"tn_Kaunas";"考納斯";"考納斯人";"考納斯的";"一個考納斯人";"考納斯人"
"tn_Kayseri";"開塞利";"開塞利人";"開塞利的";"一個開塞利人";"開塞利人"
"tn_Kazan";"喀山";"喀山人";"喀山的";"一個喀山人";"喀山人"
"tn_Kent";"肯特";"肯特人";"肯特的";"一個肯特人";"肯特人"
"tn_Kerak";"卡拉克";"卡拉克人";"卡拉克的";"一個卡拉克人";"卡拉克人"
"tn_Kermanshah";"克爾曼沙汗";"克爾曼沙汗人";"克爾曼沙汗的";"一個克爾曼沙汗人";"克爾曼沙汗人"
"tn_Khafr_Al_Batin";"哈夫阿爾巴丁";"哈夫阿爾巴丁人";"哈夫阿爾巴丁的";"一個哈夫阿爾巴丁人";"哈夫阿爾巴丁人"
"tn_Khuzestan";"胡澤斯坦";"胡澤斯坦人";"胡澤斯坦的";"一個胡澤斯坦人";"胡澤斯坦人"
"tn_Khwarazm";"花剌子模";"花剌子模人";"花剌子模的";"一個花剌子模人";"花剌子模人"
"tn_Klagenfurt";"克拉根福特";"克拉根福特人";"克拉根福特的";"一個克拉根福特人";"克拉根福特人"
"tn_Knights_of_Rhodes";"羅德騎士團";"羅德騎士團人";"羅德騎士團的";"一個羅德騎士團人";"羅德騎士團人"
"tn_Komarom";"科馬隆";"科馬隆人";"科馬隆的";"一個科馬隆的";"科馬隆人"
"tn_Konigsberg";"哥尼斯堡";"哥尼斯堡人";"哥尼斯堡的";"一個哥尼斯堡人";"哥尼斯堡人"
"tn_Konstanz";"康斯坦茨";"康斯坦茨人";"康斯坦茨的";"一個康斯坦茨人";"康斯坦茨人"
"tn_Konya";"科尼亞";"科尼亞人";"科尼亞的";"一個科尼亞人";"科尼亞人"
"tn_Kostroma";"科斯特羅馬";"科斯特羅馬人";"科斯特羅馬的";"一個科斯特羅馬人";"科斯特羅馬人"
"tn_Krakow";"克拉科夫";"克拉科夫人";"克拉科夫的";"一個克拉科夫人";"克拉科夫人"
"tn_Kurdistan";"庫爾德斯坦";"庫爾德人";"庫爾德斯坦的";"一個庫爾德人";"庫爾德人"
"tn_Kursk";"庫爾斯克";"庫爾斯克人";"庫爾斯克的";"一個庫爾斯克人";"庫爾斯克人"
"tn_Kutaisi";"庫塔伊西";"庫塔伊西人";"庫塔伊西的";"一個庫塔伊西人";"庫塔伊西人"
"tn_Kuyava";"庫耶瓦";"庫耶瓦人";"庫耶瓦的";"一個庫耶瓦人";"庫耶瓦人"
"tn_Kyiv";"基輔";"基輔人";"基輔的";"一個基輔人";"基輔人"
"tn_Laanemaa";"萊內馬";"萊內馬人";"萊內馬的";"一個萊內馬人";"萊內馬人"
"tn_Ladoga";"拉多加湖";"拉多加湖人";"拉多加湖的";"一個拉多加湖人";"拉多加湖人"
"tn_Latin_Empire";"拉丁帝國";"拉丁人";"拉丁帝國的";"一個拉丁人";"拉丁人"
"tn_Latium";"拉丁姆";"拉丁人";"拉丁姆的";"一個拉丁人";"拉丁人"
"tn_Lazika";"拉齊卡";"拉齊卡人";"拉齊卡的";"一個拉齊卡人";"拉齊卡人"
"tn_Lebanon";"黎巴嫩";"黎巴嫩人";"黎巴嫩的";"一個黎巴嫩人";"黎巴嫩人"
"tn_Leeuwarden";"呂伐登";"呂伐登人";"呂伐登的";"一個呂伐登人";"呂伐登人"
"tn_Lefkosia";"尼科西亞";"尼科西亞人";"尼科西亞的";"一個尼科西亞人";"尼科西亞人"
"tn_Leinster";"倫斯特";"倫斯特人";"倫斯特的";"一個倫斯特人";"倫斯特人"
"tn_Leon";"萊昂";"萊昂人";"萊昂的";"一個萊昂人";"萊昂人"
"tn_Liguria";"利古里亞";"利古里亞人";"利古里亞的";"一個利古里亞人";"利古里亞人"
"tn_Linkoping";"林雪平";"林雪平人";"林雪平的";"一個林雪平人";"林雪平人"
"tn_Lisbon";"里斯本";"里斯本人";"里斯本的";"一個里斯本人";"里斯本人"
"tn_Lithuania";"立陶宛";"立陶宛人";"立陶宛的";"一個立陶宛人";"立陶宛人"
"tn_Livonia";"利沃尼亞";"利沃尼亞人";"利沃尼亞的";"一個利沃尼亞人";"利沃尼亞人"
"tn_Livonian_Order";"利沃尼亞騎士團";"利沃尼亞人";"利沃尼亞騎士團的";"一個利沃尼亞人";"利沃尼亞人"
"tn_Ljubljana";"盧布爾雅那";"盧布爾雅那人";"盧布爾雅那的";"一個盧布爾雅那人";"盧布爾雅那人"
"tn_Lodz";"羅茲";"羅茲人";"羅茲的";"一個羅茲人";"羅茲人"
"tn_Lombardy";"倫巴第";"倫巴第人";"倫巴第的";"一個倫巴第人";"倫巴第人"
"tn_London";"倫敦";"倫敦人";"倫敦的";"一個倫敦人";"倫敦人"
"tn_Lorraine";"洛林";"洛林人";"洛林的";"一個洛林人";"洛林人"
"tn_Lothian";"洛錫安";"洛錫安人";"洛錫安的";"一個洛錫安人";"洛錫安人"
"tn_Lublin";"盧布林";"盧布林人";"盧布林的";"一個盧布林人";"盧布林人"
"tn_Lutsk";"盧茨克";"盧茨克人";"盧茨克的";"一個盧茨克人";"盧茨克人"
"tn_Luxembourg";"盧森堡";"盧森堡人";"盧森堡的";"一個盧森堡人";"盧森堡人"
"tn_Lycia";"利西亞";"利西亞人";"利西亞的";"一個利西亞人";"利西亞人"
"tn_Lyon";"里昂";"里昂人";"里昂的";"一個里昂人";"里昂人"
"tn_Lyonnais";"里昂";"里昂人";"里昂的";"一個里昂人";"里昂人"
"tn_Makuria";"馬庫里亞";"馬庫里亞人";"馬庫里亞的";"一個馬庫里亞人";"馬庫里亞人"
"tn_Malatya";"馬拉蒂亞";"馬拉蒂亞人";"馬拉蒂亞的";"一個馬拉蒂亞人";"馬拉蒂亞人"
"tn_Malbork";"馬爾堡";"馬爾堡人";"馬爾堡的";"一個馬爾堡人";"馬爾堡人"
"tn_Mali";"馬里";"馬里人";"馬里的";"一個馬里人";"馬里人"
"tn_Mallorca";"馬略卡島";"馬略卡島人";"馬略卡島的";"一個馬略卡島人";"馬略卡島人"
"tn_Malmo";"馬爾默";"馬爾默人";"馬爾默的";"一個馬爾默人";"馬爾默人"
"tn_Malopolska";"小波蘭";"小波蘭人";"小波蘭的";"一個小波蘭人";"小波蘭人"
"tn_Malta";"馬耳他";"馬耳他人";"馬耳他的";"一個馬耳他人";"馬耳他人"
"tn_Mamluks";"馬穆魯克";"馬穆魯克人";"馬穆魯克的";"一個馬穆魯克人";"馬穆魯克人"
"tn_Manych";"馬內奇";"馬內奇人";"馬內奇的";"一個馬內奇人";"馬內奇人"
"tn_Amogjar";"阿芒加爾";"阿芒加爾人";"阿芒加爾的";"一個阿芒加爾人";"阿芒加爾人"
"tn_Erbil";"埃爾比勒";"埃爾比勒人";"埃爾比勒的";"一個埃爾比勒人";"埃爾比勒人"
"tn_Marinids";"馬里尼德";"馬里尼德人";"馬里尼德的";"一個馬里尼德人";"馬里尼德人"
"tn_Marrakesh";"馬拉喀什";"馬拉喀什人";"馬拉喀什的";"一個馬拉喀什人";"馬拉喀什人"
"tn_Marseille";"馬賽";"馬賽人";"馬賽的";"一個馬賽人";"馬賽人"
"tn_Mascat";"馬斯喀特";"馬斯喀特人";"馬斯喀特的";"一個馬斯喀特人";"馬斯喀特人"
"tn_Matrouh";"馬特魯";"馬特魯人";"馬特魯的";"一個馬特魯人";"馬特魯人"
"tn_Mazovia";"馬索維亞";"馬索維亞人";"馬索維亞的";"一個馬索維亞人";"馬索維亞人"
"tn_Mdina";"姆迪納";"姆迪納人";"姆迪納的";"一個姆迪納人";"姆迪納人"
"tn_Mecca";"麥加";"麥加人";"麥加的";"一個麥加人";"麥加人"
"tn_Mecklenburg";"梅克倫堡";"梅克倫堡人";"梅克倫堡的";"一個梅克倫堡人";"梅克倫堡人"
"tn_Medina";"麥地那";"麥地那人";"麥地那的";"一個麥地那人";"麥地那人"
"tn_Melitene";"梅利特納";"梅利特納人";"梅利特納的";"一個梅利特納人";"梅利特納人"
"tn_Menteshe";"孟忒瑟";"孟忒瑟人";"孟忒瑟的";"一個孟忒瑟人";"孟忒瑟人"
"tn_Milan";"米蘭";"米蘭人";"米蘭的";"一個米蘭人";"米蘭人"
"tn_Minsk";"明斯克";"明斯克人";"明斯克的";"一個明斯克人";"明斯克人"
"tn_Mistras";"米斯特拉斯";"米斯特拉斯人";"米斯特拉斯的";"一個米斯特拉斯人";"米斯特拉斯人"
"tn_Moldavia";"摩爾達維亞";"摩爾達維亞人";"摩爾達維亞的";"一個摩爾達維亞人";"摩爾達維亞人"
"tn_Mologa";"莫洛加";"莫洛加人";"莫洛加的";"一個莫洛加人";"莫洛加人"
"tn_Mongols";"蒙古";"蒙古人";"蒙古的";"一個蒙古人";"蒙古人"
"tn_Moravia";"摩拉維亞";"摩拉維亞人";"摩拉維亞的";"一個摩拉維亞人";"摩拉維亞人"
"tn_Moscow";"莫斯科";"莫斯科人";"莫斯科的";"一個莫斯科人";"莫斯科人"
"tn_Mosul";"摩蘇爾";"摩蘇爾人";"摩蘇爾的";"一個摩蘇爾人";"摩蘇爾人"
"tn_Munster";"芒斯特";"芒斯特人";"芒斯特的";"一個芒斯特人";"芒斯特人"
"tn_Murcia";"穆爾西亞";"穆爾西亞人";"穆爾西亞的";"一個穆爾西亞人";"穆爾西亞人"
"tn_Murom";"穆羅姆";"穆羅姆人";"穆羅姆的";"一個穆羅姆人";"穆羅姆人"
"tn_Murzuk";"邁爾祖格";"邁爾祖格人";"邁爾祖格的";"一個邁爾祖格人";"邁爾祖格人"
"tn_Muscovy";"莫斯科公國";"莫斯科人";"莫斯科公國的";"一個莫斯科人";"莫斯科人"
"tn_Nancy";"南錫";"南錫人";"南錫的";"一個南錫人";"南錫人"
"tn_Naples";"那不勒斯";"那不勒斯人";"那不勒斯的";"一個那不勒斯人";"那不勒斯人"
"tn_Narbonnais";"納博訥";"納博訥人";"納博訥的";"一個納博訥人";"納博訥人"
"tn_Narva";"納爾瓦";"納爾瓦人";"納爾瓦的";"一個納爾瓦人";"納爾瓦人"
"tn_Navarra";"納瓦拉";"納瓦拉人";"納瓦拉的";"一個納瓦拉人";"納瓦拉人"
"tn_Nekhel";"納科爾";"納科爾人";"納科爾的";"一個納科爾人";"納科爾人"
"tn_New_Sarai";"新薩里";"新薩里人";"新薩里的";"一個新薩里人";"新薩里人"
"tn_Newcastle";"紐卡斯爾";"紐卡斯爾人";"紐卡斯爾的";"一個紐卡斯爾人";"紐卡斯爾人"
"tn_Meissen";"邁森";"邁森人";"邁森的";"一個邁森人";"邁森人"
"tn_Milas";"米拉斯";"米拉斯人";"米拉斯的";"一個米拉斯人";"米拉斯人"
"tn_Morea";"摩里亞";"摩里亞人";"摩里亞的";"一個摩里亞";"摩里亞人"
"tn_Zeta";"澤塔";"澤塔人";"澤塔的";"一個澤塔人";"澤塔人"
"tn_Rasht";"拉什特";"拉什特人";"拉什特的";"一個拉什特人";"拉什特人"
"tn_Van";"凡城";"凡城人";"凡城的";"一個凡城人";"凡城人"
"tn_Vologda";"沃洛格達";"沃洛格達人";"沃洛格達的";"一個沃洛格達人";"沃洛格達人"
"tn_Nicaea";"尼西亞";"尼西亞人";"尼西亞的";"一個尼西亞人";"尼西亞人"
"tn_Nice";"尼斯";"尼斯人";"尼斯的";"一個尼斯人";"尼斯人"
"tn_Nidaros";"尼德羅斯";"尼德羅斯人";"尼德羅斯的";"一個尼德羅斯人";"尼德羅斯人"
"tn_Nis";"尼什";"尼什人";"尼什的";"一個尼什人";"尼什人"
"tn_Nitra";"尼特拉";"尼特拉人";"尼特拉的";"一個尼特拉人";"尼特拉人"
"tn_Nizhniy_Novgorod";"下諾夫哥羅德";"下諾夫哥羅德人";"下諾夫哥羅德的";"一個下諾夫哥羅德人";"下諾夫哥羅德人"
"tn_Normandy";"諾曼底";"諾曼人";"諾曼底的";"一個諾曼人";"諾曼人"
"tn_North_Sea";"北海";"";"";"";""
"tn_Northern_Caspian";"裡海北岸";"";"";"";""
"tn_Northumberland";"諾森伯蘭";"諾森伯蘭人";"諾森伯蘭的";"一個諾森伯蘭人";"諾森伯蘭人"
"tn_Norway";"挪威";"挪威人";"挪威的";"一個挪威人";"挪威人"
"tn_Nottingham";"諾丁漢";"諾丁漢人";"諾丁漢的";"一個諾丁漢人";"諾丁漢人"
"tn_Nottinghamshire";"諾丁漢郡";"諾丁漢郡人";"諾丁漢郡的";"一個諾丁漢郡人";"諾丁漢郡人"
"tn_Novgorod";"諾夫哥羅德";"諾夫哥羅德人";"諾夫哥羅德的";"一個諾夫哥羅德人";"諾夫哥羅德人"
"tn_Novgorod_Seversk";"諾夫哥羅德-謝韋爾斯克";"諾夫哥羅德-謝韋爾斯克人";"諾夫哥羅德-謝韋爾斯克的";"一個諾夫哥羅德-謝韋爾斯克人";"諾夫哥羅德-謝韋爾斯克人"
"tn_Novgorod_Seversky";"諾夫哥羅德-謝韋爾斯基";"諾夫哥羅德-謝韋爾斯基人";"諾夫哥羅德-謝韋爾斯基的";"一個諾夫哥羅德-謝韋爾斯基人";"諾夫哥羅德-謝韋爾斯基人"
"tn_Nuremberg";"紐倫堡";"紐倫堡人";"紐倫堡的";"一個紐倫堡人";"紐倫堡人"
"tn_Nyland";"尼蘭";"尼蘭人";"尼蘭的";"一個尼蘭人";"尼蘭人"
"tn_Oddernes";"奧德內斯";"奧德內斯人";"奧德內斯的";"一個奧德內斯人";"奧德內斯人"
"tn_Ohrid";"奧赫里德";"奧赫里德人";"奧赫里德的";"一個奧赫里德人";"奧赫里德人"
"tn_Old_Sarai";"舊薩里";"舊薩里人";"舊薩里的";"一個舊薩里人";"舊薩里人"
"tn_Oleshye";"奧雷瑟";"奧雷瑟人";"奧雷瑟的";"一個奧雷瑟人";"奧雷瑟人"
"tn_Olomouc";"奧洛穆茨";"奧洛穆茨人";"奧洛穆茨的";"一個奧洛穆茨人";"奧洛穆茨人"
"tn_Oman";"阿曼";"阿曼人";"阿曼的";"一個阿曼人";"阿曼人"
"tn_Orleannais";"奧爾良";"奧爾良人";"奧爾良的";"一個奧爾良人";"奧爾良人"
"tn_Orleans";"奧爾良";"奧爾良人";"奧爾良的";"一個奧爾良人";"奧爾良人"
"tn_Oslo";"奧斯陸";"奧斯陸人";"奧斯陸的";"一個奧斯陸人";"奧斯陸人"
"tn_Ostergotland";"東約特蘭";"東約特蘭人";"東約特蘭的";"一個東約特蘭人";"東約特蘭人"
"tn_OttomanEmpire";"奧斯曼";"奧斯曼人";"奧斯曼的";"一個奧斯曼人";"奧斯曼人"
"tn_Ottomans";"奧斯曼";"奧斯曼人";"奧斯曼的";"一個奧斯曼人";"奧斯曼人"
"tn_Ouargla";"瓦爾格拉";"瓦爾格拉人";"瓦爾格拉的";"一個瓦爾格拉人";"瓦爾格拉人"
"tn_Oviedo";"奧維耶多";"奧維耶多人";"奧維耶多的";"一個奧維耶多人";"奧維耶多人"
"tn_Palermo";"巴勒莫";"巴勒莫人";"巴勒莫的";"一個巴勒莫人";"巴勒莫人"
"tn_Palestine";"巴勒斯坦";"巴勒斯坦人";"巴勒斯坦的";"一個巴勒斯坦人";"巴勒斯坦人"
"tn_Palma";"帕爾馬";"帕爾馬人";"帕爾馬的";"一個帕爾馬人";"帕爾馬人"
"tn_Palmyra";"巴爾米拉";"巴爾米拉人";"巴爾米拉的";"一個巴爾米拉人";"巴爾米拉人"
"tn_Pamplona";"潘普洛納";"潘普洛納人";"潘普洛納的";"一個潘普洛納人";"潘普洛納人"
"tn_Papacy";"教皇國";"教廷人";"教廷的";"一個教廷人";"教廷人"
"tn_Papal_States";"教皇國";"教廷人";"教皇國的";"一個教廷人";"教廷人"
"tn_Paris";"巴黎";"巴黎人";"巴黎的";"一個巴黎人";"巴黎人"
"tn_Pars";"帕爾斯";"帕爾斯人";"帕爾斯的";"一個帕爾斯人";"帕爾斯人"
"tn_Pechenegs";"佩切涅格";"佩切涅格人";"佩切涅格的";"一個佩切涅格人";"佩切涅格人"
"tn_Pecs";"佩奇";"佩奇人";"佩奇的";"一個佩奇人";"佩奇人"
"tn_Pereyaslavl";"波里亞斯拉弗爾";"波里亞斯拉弗爾人";"波里亞斯拉弗爾的";"一個波里亞斯拉弗爾人";"波里亞斯拉弗爾人"
"tn_Perm";"彼爾姆";"彼爾姆人";"彼爾姆的";"一個彼爾姆人";"彼爾姆人"
"tn_Pfalz";"普法爾茨";"普法爾茨人";"普法爾茨的";"一個普法爾茨人";"普法爾茨人"
"tn_Pinsk";"平斯克";"平斯克人";"平斯克的";"一個平斯克人";"平斯克人"
"tn_Plotsk";"普沃茨克";"普沃茨克人";"普沃茨克的";"一個普沃茨克人";"普沃茨克人"
"tn_Podolia";"波多利亞";"波多利亞人";"波多利亞的";"一個波多利亞人";"波多利亞人"
"tn_Poitiers";"普瓦捷";"普瓦捷人";"普瓦捷的";"一個普瓦捷人";"普瓦捷人"
"tn_Poitou";"普瓦圖";"普瓦圖人";"普瓦圖的";"一個普瓦圖人";"普瓦圖人"
"tn_Poland";"波蘭";"波蘭人";"波蘭的";"一個波蘭人";"波蘭人"
"tn_Poland_Lithuania";"波蘭-立陶宛";"波蘭-立陶宛人";"波蘭-立陶宛的";"一個波蘭-立陶宛人";"波蘭-立陶宛人"
"tn_Polesia";"波利西亞";"波利西亞人";"波利西亞的";"一個波利西亞人";"波利西亞人"
"tn_Polotsk";"波洛茨克";"波洛茨克人";"波洛茨克的";"一個波洛茨克人";"波洛茨克人"
"tn_Poltava";"波爾塔瓦";"波爾塔瓦人";"波爾塔瓦的";"一個波爾塔瓦人";"波爾塔瓦人"
"tn_Pomerania";"波美拉尼亞";"波美拉尼亞人";"波美拉尼亞的";"一個波美拉尼亞人";"波美拉尼亞人"
"tn_Pomerelia";"波美雷利亞";"波美雷利亞人";"波美雷利亞的";"一個波美雷利亞人";"波美雷利亞人"
"tn_Pontos";"本都";"本都人";"本都的";"一個本都人";"本都人"
"tn_Porto";"波爾圖";"波爾圖人";"波爾圖的";"一個波爾圖人";"波爾圖人"
"tn_Portugal";"葡萄牙";"葡萄牙人";"葡萄牙的";"一個葡萄牙人";"葡萄牙人"
"tn_Powys";"波厄斯";"波厄斯人";"波厄斯的";"一個波厄斯人";"波厄斯人"
"tn_Poznan";"波茲南";"波茲南人";"波茲南的";"一個波茲南人";"波茲南人"
"tn_Prague";"布拉格";"布拉格人";"布拉格的";"一個布拉格人";"布拉格人"
"tn_Propontis";"普羅波恩蒂斯";"";"";"";""
"tn_Provence";"普羅旺斯";"普羅旺斯人";"普羅旺斯的";"一個普羅旺斯人";"普羅旺斯人"
"tn_Prussia";"普魯士";"普魯士人";"普魯士的";"一個普魯士人";"普魯士人"
"tn_Pskov";"普斯科夫";"普斯科夫人";"普斯科夫的";"一個普斯科夫人";"普斯科夫人"
"tn_Qairwan";"凱魯萬";"凱魯萬人";"凱魯萬的";"一個凱魯萬人";"凱魯萬人"
"tn_Qazvin";"加茲溫";"加茲溫人";"加茲溫的";"一個加茲溫人";"加茲溫人"
"tn_Qeirwan";"加爾萬";"加爾萬人";"加爾萬的";"一個加爾萬人";"加爾萬人"
"tn_Qena";"基納";"基納人";"基納的";"一個基納人";"基納人"
"tn_Qift";"基夫特";"基夫特人";"基夫特的";"一個基夫特人";"基夫特人"
"tn_Qufa";"庫法";"庫法人";"庫法的";"一個庫法人";"庫法人"
"tn_Rabat";"拉巴特";"拉巴特人";"拉巴特的";"一個拉巴特人";"拉巴特人"
"tn_Ragusa";"拉古薩";"拉古薩人";"拉古薩的";"一個拉古薩人";"拉古薩人"
"tn_Raqqa";"拉卡";"拉卡人";"拉卡的";"一個拉卡人";"拉卡人"
"tn_Ras";"拉什";"拉什人";"拉什的";"一個拉什人";"拉什人"
"tn_Raska";"拉什卡";"拉什卡人";"拉什卡的";"一個拉什人";"拉什人"
"tn_Reach_Of_Cyprus";"塞浦路斯之境";"";"";"";""
"tn_Reach_Of_Egypt";"埃及之境";"";"";"";""
"tn_Red_Sea";"紅海";"";"";"";""
"tn_Regensburg";"雷根斯堡";"雷根斯堡人";"雷根斯堡的";"一個雷根斯堡人";"雷根斯堡人"
"tn_Reggio";"利基翁";"利基翁人";"利基翁的";"一個利基翁人";"利基翁人"
"tn_Rennes";"雷恩";"雷恩人";"雷恩的";"一個雷恩人";"雷恩人"
"tn_Reval";"日瓦爾";"日瓦爾人";"日瓦爾的";"一個日瓦爾人";"日瓦爾人"
"tn_Rheims";"蘭斯";"蘭斯人";"蘭斯的";"一個蘭斯人";"蘭斯人"
"tn_Rhineland";"萊茵蘭";"萊茵蘭人";"萊茵蘭的";"一個萊茵蘭人";"萊茵蘭人"
"tn_Rhodes";"羅德島";"羅德島人";"羅德島的";"一個羅德島人";"羅德島人"
"tn_Riga";"里加";"里加人";"里加的";"一個里加人";"里加人"
"tn_Rogaland";"羅加蘭";"羅加蘭人";"羅加蘭的";"一個羅加蘭人";"羅加蘭人"
"tn_Rome";"羅馬";"羅馬人";"羅馬的";"一個羅馬人";"羅馬人"
"tn_Roskilde";"羅斯基勒";"羅斯基勒人";"羅斯基勒的";"一個羅斯基勒人";"羅斯基勒人"
"tn_Rostov";"羅斯托夫";"羅斯托夫人";"羅斯托夫的";"一個羅斯托夫人";"羅斯托夫人"
"tn_Rostov_Suzdal";"羅斯托夫-蘇茲達爾";"羅斯托夫-蘇茲達爾人";"羅斯托夫-蘇茲達爾的";"一個羅斯托夫-蘇茲達爾人";"羅斯托夫-蘇茲達爾人"
"tn_Rouen";"魯昂";"魯昂人";"魯昂的";"一個魯昂人";"魯昂人"
"tn_Rum";"羅姆";"羅姆人";"羅姆的";"一個羅姆人";"羅姆人"
"tn_Russia";"俄羅斯";"俄羅斯人";"俄羅斯的";"一個俄羅斯人";"俄羅斯人"
"tn_Ruthenia";"魯塞尼亞";"魯塞尼亞人";"魯塞尼亞的";"一個魯塞尼亞人";"魯塞尼亞人"
"tn_Ryazan";"梁贊";"梁贊人";"梁贊的";"一個梁贊人";"梁贊人"
"tn_Rzeszow";"熱舒夫";"熱舒夫人";"熱舒夫的";"一個熱舒夫人";"熱舒夫人"
"tn_Saaremaa";"薩列馬";"薩列馬人";"薩列馬的";"一個薩列馬人";"薩列馬人"
"tn_Safi";"薩菲";"薩菲人";"薩菲的";"一個薩菲人";"薩菲人"
"tn_Salalah";"塞拉萊";"塞拉萊人";"塞拉萊的";"一個塞拉萊人";"塞拉萊人"
"tn_Salamanca";"薩拉曼卡";"薩拉曼卡人";"薩拉曼卡的";"一個薩拉曼卡人";"薩拉曼卡人"
"tn_Saltuqids";"薩爾圖格";"薩爾圖格人";"薩爾圖格的";"一個薩爾圖格人";"薩爾圖格人"
"tn_Samandar";"薩曼達爾";"薩曼達爾人";"薩曼達爾的";"一個薩曼達爾人";"薩曼達爾人"
"tn_Samara";"薩馬拉";"薩馬拉人";"薩馬拉的";"一個薩馬拉人";"薩馬拉人"
"tn_Samsat";"薩姆薩特";"薩姆薩特人";"薩姆薩特的";"一個薩姆薩特人";"薩姆薩特人"
"tn_Sardinia";"撒丁島";"撒丁島人";"撒丁島的";"一個撒丁島人";"撒丁島人"
"tn_Sardis";"薩迪斯";"薩迪斯人";"薩迪斯的";"一個薩迪斯人";"薩迪斯人"
"tn_Sarkel";"薩克爾";"薩克爾人";"薩克爾的";"一個薩克爾人";"薩克爾人"
"tn_Savoy";"薩伏依";"薩伏依人";"薩伏依的";"一個薩伏依人";"薩伏依人"
"tn_Sawakin";"薩瓦金";"薩瓦金人";"薩瓦金的";"一個薩瓦金人";"薩瓦金人"
"tn_Saxony";"薩克森";"薩克森人";"薩克森的";"一個薩克森人";"撒克遜人"
"tn_Scania";"斯堪尼亞";"斯堪尼亞人";"斯堪尼亞的";"一個斯堪尼亞人";"斯堪尼亞人"
"tn_Schleswig";"石勒蘇益格";"石勒蘇益格人";"石勒蘇益格的";"一個石勒蘇益格人";"石勒蘇益格人"
"tn_Scodra";"斯科德拉";"斯科德拉人";"斯科德拉的";"一個斯科德拉人";"斯科德拉人"
"tn_Scotland";"蘇格蘭";"蘇格蘭人";"蘇格蘭的";"一個蘇格蘭人";"蘇格蘭人"
"tn_Sczieczin";"施皮森";"施皮森人";"施皮森的";"一個施皮森人";"施皮森人"
"tn_Seljuks";"塞爾柱";"塞爾柱人";"塞爾柱的";"一個塞爾柱人";"塞爾柱人"
"tn_Semigallia";"瑟米加利亞";"瑟米加利亞人";"瑟米加利亞的";"一個瑟米加利亞人";"瑟米加利亞人"
"tn_Serbia";"塞爾維亞";"塞爾維亞人";"塞爾維亞的";"一個塞爾維亞人";"塞爾維亞人"
"tn_SerbianEmpire";"塞爾維亞";"塞爾維亞人";"塞爾維亞的";"一個塞爾維亞人";"塞爾維亞人"
"tn_Severin";"塞弗林";"塞弗林人";"塞弗林的";"一個塞弗林人";"塞弗林人"
"tn_Seville";"塞維利亞";"塞維利亞人";"塞維利亞的";"一個塞維利亞人";"塞維利亞人"
"tn_Shaddadids";"沙達德";"沙達德人";"沙達德的";"一個沙達德人";"沙達德人"
"tn_Shamakhi";"沙馬基";"沙馬基人";"沙馬基的";"一個沙馬基人";"沙馬基人"
"tn_Shiraz";"希拉茲";"希拉茲人";"希拉茲的";"一個希拉茲人";"希拉茲人"
"tn_Shirvan";"希爾萬";"希爾萬人";"希爾萬的";"一個希爾萬人";"希爾萬人"
"tn_Sicily";"西西里島";"西西里島人";"西西里島的";"一個西西里島人";"西西里島人"
"tn_Sieradz";"謝拉茲";"謝拉茲人";"謝拉茲的";"一個謝拉茲人";"謝拉茲人"
"tn_Sijilmassa";"斯基瑪薩";"斯基瑪薩人";"斯基瑪薩的";"一個斯基瑪薩人";"斯基瑪薩人"
"tn_Silesia";"西里西亞";"西里西亞人";"西里西亞的";"一個西里西亞人";"西里西亞人"
"tn_Sinai";"西奈";"西奈人";"西奈的";"一個西奈人";"西奈人"
"tn_Sinope";"錫諾普";"錫諾普人";"錫諾普的";"一個錫諾普人";"錫諾普人"
"tn_Sirt";"錫爾特";"錫爾特人";"錫爾特的";"一個錫爾特人";"錫爾特人"
"tn_Siveria";"西維利亞";"西維利亞人";"西維利亞的";"一個西維利亞人";"西維利亞人"
"tn_Siwa";"錫瓦";"錫瓦人";"錫瓦的";"一個錫瓦人";"錫瓦人"
"tn_Smaland";"斯莫蘭";"斯莫蘭人";"斯莫蘭的";"一個斯莫蘭人";"斯莫蘭人"
"tn_Smolensk";"斯摩棱斯克";"斯摩棱斯克人";"斯摩棱斯克的";"一個斯摩棱斯克人";"斯摩棱斯克人"
"tn_Smyrna";"士麥那";"士麥那人";"士麥那的";"一個士麥那人";"士麥那人"
"tn_Soba";"索巴";"索巴人";"索巴的";"一個索巴人";"索巴人"
"tn_Southern_Caspian";"裡海南岸";"";"";"";""
"tn_Southern_Ocean";"南大洋";"";"";"";""
"tn_Spain";"西班牙";"西班牙人";"西班牙的";"一個西班牙人";"西班牙人"
"tn_Sredets";"斯雷德茲";"斯雷德茲人";"斯雷德茲的";"一個斯雷德茲人";"斯雷德茲人"
"tn_Stavanger";"斯塔萬格";"斯塔萬格人";"斯塔萬格的";"一個斯塔萬格人";"斯塔萬格人"
"tn_Stockholm";"斯德哥爾摩";"斯德哥爾摩人";"斯德哥爾摩的";"一個斯德哥爾摩人";"斯德哥爾摩人"
"tn_Strasbourg";"斯特拉斯堡";"斯特拉斯堡人";"斯特拉斯堡的";"一個斯特拉斯堡人";"斯特拉斯堡人"
"tn_Strymon";"斯特賴蒙";"斯特賴蒙人";"斯特賴蒙的";"一個斯特賴蒙人";"斯特賴蒙人"
"tn_Sutherland";"薩瑟蘭";"薩瑟蘭人";"薩瑟蘭的";"一個薩瑟蘭人";"薩瑟蘭人"
"tn_Suzdal";"蘇茲達爾";"蘇茲達爾人";"蘇茲達爾的";"一個蘇茲達爾人";"蘇茲達爾人"
"tn_Svealand";"斯韋阿蘭";"斯韋阿蘭人";"斯韋阿蘭的";"一個斯韋阿蘭人";"斯韋阿蘭人"
"tn_Swabia";"斯瓦比亞";"斯瓦比亞人";"斯瓦比亞的";"一個斯瓦比亞人";"斯瓦比亞人"
"tn_Sweden";"瑞典";"瑞典人";"瑞典的";"一個瑞典人";"瑞典人"
"tn_Switzerland";"瑞士";"瑞士人";"瑞士的";"一個瑞士人";"瑞士人"
"tn_Tabriz";"大不里士";"大不里士人";"大不里士的";"一個大不里士人";"大不里士人"
"tn_Taghaza";"特加扎";"特加扎人";"特加扎的";"一個特加扎人";"特加扎人"
"tn_Tahert";"塔赫特";"塔赫特人";"塔赫特的";"一個塔赫特人";"塔赫特人"
"tn_Taman";"塔曼";"塔曼人";"塔曼的";"一個塔曼人";"塔曼人"
"tn_Tamanrasset";"塔曼拉塞特";"塔曼拉塞特人";"塔曼拉塞特的";"一個塔曼拉塞特人";"塔曼拉塞特人"
"tn_Tamdoult";"唐圖勒";"唐圖勒人";"唐圖勒的";"一個唐圖勒人";"唐圖勒人"
"tn_Tangier";"丹吉爾";"丹吉爾人";"丹吉爾的";"一個丹吉爾人";"丹吉爾人"
"tn_Taoudenni";"陶代尼";"陶代尼人";"陶代尼的";"一個陶代尼人";"陶代尼人"
"tn_Tarnovo";"塔爾諾沃";"塔爾諾沃人";"塔爾諾沃的";"一個塔爾諾沃人";"塔爾諾沃人"
"tn_Taron";"塔龍";"塔龍人";"塔龍的";"一個塔龍人";"塔龍人"
"tn_Tarsus";"塔爾蘇斯";"塔爾蘇斯人";"塔爾蘇斯的";"一個塔爾蘇斯人";"塔爾蘇斯人"
"tn_Tbilisi";"第比利斯";"第比利斯人";"第比利斯的";"一個第比利斯人";"第比利斯人"
"tn_Tebuk";"塔布克";"塔布克人";"塔布克的";"一個塔布克人";"塔布克人"
"tn_Teke";"泰凱";"泰凱人";"泰凱的";"一個泰凱人";"泰凱人"
"tn_Temesvar";"騰斯法";"騰斯法人";"騰斯法的";"一個騰斯法人";"騰斯法人"
"tn_Teutonic_Order";"條頓騎士團";"條頓騎士團人";"條頓騎士團的";"一個條頓騎士團人";"條頓騎士團人"
"tn_The_Channel";"英吉利海峽";"";"";"";""
"tn_The_Hague";"海牙";"海牙人";"海牙的";"一個海牙人";"海牙人"
"tn_Thessalonica";"帖撒羅尼迦";"帖撒羅尼迦人";"帖撒羅尼迦的";"一個帖撒羅尼迦人";"帖撒羅尼迦人"
"tn_Thrace";"色雷斯";"色雷斯人";"色雷斯的";"一個色雷斯人";"色雷斯人"
"tn_Thuringia";"圖林根";"圖林根人";"圖林根的";"一個圖林根人";"圖林根人"
"tn_Tiflis";"第比利斯";"第比利斯人";"第比利斯的";"一個第比利斯人";"第比利斯人"
"tn_Tikrit";"提克里特";"提克里特人";"提克里特的";"一個提克里特人";"提克里特人"
"tn_Tirgoviste";"特爾戈維什泰";"特爾戈維什泰人";"特爾戈維什泰的";"一個特爾戈維什泰人";"特爾戈維什泰人"
"tn_Tlemcen";"特萊姆森";"特萊姆森人";"特萊姆森的";"一個特萊姆森人";"特萊姆森人"
"tn_Tmutarakhan";"圖穆塔爾喀汗";"圖穆塔爾喀汗人";"圖穆塔爾喀汗的";"一個圖穆塔爾喀汗人";"圖穆塔爾喀汗人"
"tn_Toledo";"托雷多";"托雷多人";"托雷多的";"一個托雷多人";"托雷多人"
"tn_Torino";"都靈";"都靈人";"都靈的";"一個都靈人";"都靈人"
"tn_Torun";"托倫";"托倫人";"托倫的";"一個托倫人";"托倫人"
"tn_Toulouse";"圖盧茲";"圖盧茲人";"圖盧茲的";"一個圖盧茲人";"圖盧茲人"
"tn_Trables";"塔爾布勒";"塔爾布勒人";"塔爾布勒的";"一個塔爾布勒人";"塔爾布勒人"
"tn_Trabzon";"特拉布宗";"特拉布宗人";"特拉布宗的";"一個特拉布宗人";"特拉布宗人"
"tn_Trakai";"特拉凱";"特拉凱人";"特拉凱的";"一個特拉凱人";"特拉凱人"
"tn_Transjordania";"外約旦";"外約旦人";"外約旦的";"一個外約旦人";"外約旦人"
"tn_Transylvania";"特蘭西瓦尼亞";"特蘭西瓦尼亞人";"特蘭西瓦尼亞的";"一個特蘭西瓦尼亞人";"特蘭西瓦尼亞人"
"tn_Trebizond";"特拉比松";"特拉比松人";"特拉比松的";"一個特拉比松人";"特拉比松人"
"tn_Tripoli";"的黎波里";"的黎波里人";"的黎波里的";"一個的黎波里人";"的黎波里人"
"tn_Tripolitania";"的黎波里塔尼亞";"的黎波里塔尼亞人";"的黎波里塔尼亞的";"一個的黎波里塔尼亞人";"的黎波里塔尼亞人"
"tn_Trondheim";"特隆赫姆";"特隆赫姆人";"特隆赫姆的";"一個特隆赫姆人";"特隆赫姆人"
"tn_Tskhumi";"塔什霍米";"塔什霍米人";"塔什霍米的";"一個塔什霍米人";"塔什霍米人"
"tn_Tunis";"突尼斯";"突尼斯人";"突尼斯的";"一個突尼斯人";"突尼斯人"
"tn_Tunisia";"突尼斯";"突尼斯人";"突尼斯的";"一個突尼斯人";"突尼斯人"
"tn_Turku";"圖爾庫";"圖爾庫人";"圖爾庫的";"一個圖爾庫人";"圖爾庫人"
"tn_Turov";"圖羅夫";"圖羅夫人";"圖羅夫的";"一個圖羅夫人";"圖羅夫人"
"tn_Tuscany";"托斯卡納";"托斯卡納人";"托斯卡納的";"一個托斯卡納人";"托斯卡納人"
"tn_Tver";"特維爾";"特維爾人";"特維爾的";"一個特維爾人";"特維爾人"
"tn_Tyrol";"提洛爾";"提洛爾人";"提洛爾的";"一個提洛爾人";"提洛爾人"
"tn_Tyrrhenian_Sea";"第勒尼安海";"";"";"";""
"tn_Uglich";"烏格里奇";"烏格里奇人";"烏格里奇的";"一個烏格里奇人";"烏格里奇人"
"tn_Ukek";"烏柯克";"烏柯克人";"烏柯克的";"一個烏柯克人";"烏柯克人"
"tn_Ulster";"阿爾斯特";"阿爾斯特人";"阿爾斯特的";"一個阿爾斯特人";"阿爾斯特人"
"tn_Uppland";"烏普蘭";"烏普蘭人";"烏普蘭的";"一個烏普蘭人";"烏普蘭人"
"tn_Uppsala";"烏普薩拉";"烏普薩拉人";"烏普薩拉的";"一個烏普薩拉人";"烏普薩拉人"
"tn_Ustyug";"烏斯秋格";"烏斯秋格人";"烏斯秋格的";"一個烏斯秋格人";"烏斯秋格人"
"tn_Uusima";"烏斯瑪";"烏斯瑪人";"烏斯瑪的";"一個烏斯瑪人";"烏斯瑪人"
"tn_Valencia";"瓦倫西亞";"瓦倫西亞人";"瓦倫西亞的";"一個瓦倫西亞人";"瓦倫西亞人"
"tn_Varberg";"瓦爾貝里";"瓦爾貝里人";"瓦爾貝里的";"一個瓦爾貝里人";"瓦爾貝里人"
"tn_Vasteras";"韋斯特羅斯";"韋斯特羅斯人";"韋斯特羅斯的";"一個韋斯特羅斯人";"韋斯特羅斯人"
"tn_Vastergotland";"西約特蘭";"西約特蘭人";"西約特蘭的";"一個西約特蘭人";"西約特蘭人"
"tn_Vastermanland";"西曼蘭";"西曼蘭人";"西曼蘭的";"一個西曼蘭人";"西曼蘭人"
"tn_Veneto";"威尼托";"威尼託人";"威尼托的";"一個威尼託人";"威尼託人"
"tn_Venice";"威尼斯";"威尼託人";"威尼斯的";"一個威尼託人";"威尼託人"
"tn_Vidin";"維丁";"維丁人";"維丁的";"一個維丁人";"維丁人"
"tn_Vienna";"維也納";"維也納人";"維也納的";"一個維也納人";"維也納人"
"tn_Viken";"維肯";"維肯人";"維肯的";"一個維肯人";"維肯人"
"tn_Vilnius";"維爾紐斯";"維爾紐斯人";"維爾紐斯的";"一個維爾紐斯人";"維爾紐斯人"
"tn_Vinnytsia";"文尼察";"文尼察人";"文尼察的";"一個文尼察人";"文尼察人"
"tn_Visby";"維斯比";"維斯比人";"維斯比的";"一個維斯比人";"維斯比人"
"tn_Visoko";"維索科";"維索科人";"維索科的";"一個維索科人";"維索科人"
"tn_Vladimir";"弗拉基米爾";"弗拉基米爾人";"弗拉基米爾的";"一個弗拉基米爾人";"弗拉基米爾人"
"tn_Volga_Bulgaria";"伏爾加保加利亞";"保加利亞人";"伏爾加保加利亞的";"一個保加利亞人";"保加利亞人"
"tn_Volhynia";"沃里尼亞";"沃里尼亞人";"沃里尼亞的";"一個沃里尼亞人";"沃里尼亞人"
"tn_Volodymyr";"沃洛德米爾";"沃洛德米爾人";"沃洛德米爾的";"一個沃洛德米爾人";"沃洛德米爾人"
"tn_Voronezh";"沃羅涅日";"沃羅涅日人";"沃羅涅日的";"一個沃羅涅日人";"沃羅涅日人"
"tn_Vyatka";"維亞特卡";"維亞特卡人";"維亞特卡的";"一個維亞特卡人";"維亞特卡人"
"tn_Vyborg";"維堡";"維堡人";"維堡的";"一個維堡人";"維堡人"
"tn_Vytebsk";"維帖布斯克";"維帖布斯克人";"維帖布斯克的";"一個維帖布斯克人";"維帖布斯克人"
"tn_Wadan";"瓦丹";"瓦丹人";"瓦丹的";"一個瓦丹人";"瓦丹人"
"tn_Waddai";"瓦迪";"瓦迪人";"瓦迪的";"一個瓦迪人";"瓦迪人"
"tn_Wadi_Al_Batin";"巴廷干河";"巴廷干河人";"巴廷干河的";"一個巴廷干河人";"巴廷干河人"
"tn_Wallachia";"瓦拉幾亞";"瓦拉幾亞人";"瓦拉幾亞的";"一個瓦拉幾亞人";"瓦拉幾亞人"
"tn_Wara";"瓦拉";"瓦拉人";"瓦拉的";"一個瓦拉人";"瓦拉人"
"tn_Warsawa";"華沙";"華沙人";"華沙的";"一個華沙人";"華沙人"
"tn_Warwick";"沃里克";"沃里克人";"沃里克的";"一個沃里克人";"沃里克人"
"tn_Warwickshire";"沃里克郡";"沃里克郡人";"沃里克郡的";"一個沃里克郡人";"沃里克郡人"
"tn_West_Flanders";"西佛蘭德斯";"西佛蘭德人";"西佛蘭德斯的";"一個西佛蘭德人";"西佛蘭德人"
"tn_Western_Black_Sea";"黑海西岸";"";"";"";""
"tn_Western_Mediterranean";"西地中海";"";"";"";""
"tn_Western_Ocean";"大西洋";"";"";"";""
"tn_Winchester";"溫切斯特";"溫切斯特人";"溫切斯特的";"一個溫切斯特人";"溫切斯特人"
"tn_Windau";"溫道";"溫道人";"溫道的";"一個溫道人";"溫道人"
"tn_Wismar";"維斯馬";"維斯馬人";"維斯馬的";"一個維斯馬人";"維斯馬人"
"tn_Worms";"渥努姆斯";"渥努姆斯人";"渥努姆斯的";"一個渥努姆斯人";"渥努姆斯人"
"tn_Wroclaw";"弗羅茨瓦夫";"弗羅茨瓦夫人";"弗羅茨瓦夫的";"一個弗羅茨瓦夫人";"弗羅茨瓦夫人"
"tn_Xacitarxan";"哈吉塔爾漢";"哈吉塔爾漢人";"哈吉塔爾漢的";"一個哈吉塔爾漢人";"哈吉塔爾漢人"
"tn_Yaroslavl";"雅羅斯拉夫爾";"雅羅斯拉夫爾人";"雅羅斯拉夫爾的";"一個雅羅斯拉夫爾人";"雅羅斯拉夫爾人"
"tn_Yash";"亞什";"亞什人";"亞什的";"一個亞什人";"亞什人"
"tn_Yathrib";"葉斯里卜";"葉斯里卜人";"葉斯里卜的";"一個葉斯里卜人";"葉斯里卜人"
"tn_Yazd";"亞茲德";"亞茲德人";"亞茲德的";"一個亞茲德人";"亞茲德人"
"tn_Yedisan";"葉迪山";"葉迪山人";"葉迪山的";"一個葉迪山人";"葉迪山人"
"tn_Yemen";"也門";"也門人";"也門的";"一個也門人";"也門人"
"tn_York";"約克";"約克人";"約克的";"一個約克人";"約克人"
"tn_Yorkshire";"約克郡";"約克人";"約克郡的";"一個約克人";"約克人"
"tn_Yotvingia";"約域治亞";"約域治亞人";"約域治亞的";"一個約域治亞人";"約域治亞人"
"tn_Zadar";"扎達爾";"扎達爾人";"扎達爾的";"一個扎達爾人";"扎達爾人"
"tn_Zagreb";"薩格勒布";"薩格勒布人";"薩格勒布的";"一個薩格勒布人";"薩格勒布人"
"tn_Zakarid_Armenia";"扎卡里德亞美尼亞";"扎卡里德人";"扎卡里德亞美尼亞的";"一個扎卡里德人";"扎卡里德人"
"tn_Zalesye";"扎列西耶";"扎列西耶人";"扎列西耶的";"一個扎列西耶人";"扎列西耶人"
"tn_Zaragoza";"薩拉戈薩";"薩拉戈薩人";"薩拉戈薩的";"一個薩拉戈薩人";"薩拉戈薩人"
"tn_Zealand";"西蘭島";"西蘭島人";"西蘭島的";"一個西蘭島人";"西蘭島人"
"tn_Zemaitija";"澤馬提賈";"澤馬提賈人";"澤馬提賈的";"一個澤馬提賈人";"澤馬提賈人"
"tn_Zhytomyr";"日托米爾";"日托米爾人";"日托米爾的";"一個日托米爾人";"日托米爾人"
"tn_Zirids";"日裡德";"日裡德人";"日裡德的";"一個日裡德人";"日裡德人"
"tn_Zurich";"蘇黎世";"蘇黎世人";"蘇黎世的";"一個蘇黎世人";"蘇黎世人"
"tn_Outer_Hebriders_Reach";"外赫布里群島之境";"";"";"";""
